,model,size,precision,recall,F1,accuracy
0,log,50,0.7811924030791427,0.7435028173062992,0.7618654407528416,0.7697499999999999
0,log,100,0.793570049686128,0.7702898859712018,0.7817411880389609,0.7849125000000001
0,log,320,0.8075119919340794,0.7941676498029777,0.8007817172697693,0.8028906250000001
0,log,all,0.8231065071825944,0.8175766456165137,0.820331634256007,0.8208023499526261
